{"text": "Goal: pick the most appealing one Steps: 1. read reviews of the apps 2. find out what others like most 3. find out what others dislike most 4. summarize pros and cons 5. Pick the most appealing one", "summary": ["Reorder edge between 4 , 5"]}
{"text": "Goal: hit the call connect icon Steps: 1. pick up cell phone 2. unlock phone screen 3. check contact information 4. click on correct contact 5. press down on call button 6. wait for call to start 7. ensure the right contact is selected 8. hit the call connect icon", "summary": ["Reorder edge between 6 , 7"]}
{"text": "Goal: hit the call connect icon Steps: 1. pick up cell phone 2. unlock phone screen 3. check contact information 4. ensure the right contact is selected 5. click on correct contact 6. hit the call connect icon", "summary": ["Reorder edge between 4 , 5"]}
{"text": "Goal: bring the child home Steps: 1. make sure the baby is healthy 2. put the baby in the car seat 3. put the car seat belt on 4. get in the car 5. drive to the house 6. Get out of the car 7. Take the baby out of the car seat 8. open the front door 9. Step inside the house while holding baby carefully 10. Bring the child home", "summary": ["Insert node 'drive to house' after 4"]}
{"text": "Goal: editor edits the draft Steps: 1. writes a first draft 2. look for an editor 3. find a reputable editor 4. hire the services 5. submit the work 6. wait for the editing to finish 7. editor edits the draft", "summary": ["Remove node 2", "Reorder edge between 6 , 7"]}
{"text": "Goal: editor edits the draft Steps: 1. writes a first draft 2. find a reputable editor 3. hire the services 4. submit the work 5. Editor edits the draft", "summary": ["Insert node 'look for an editor' before 3"]}
{"text": "Goal: find a hobby Steps: 1. decided to find a hobby 2. decide on a hobby 3. go online on the computer 4. search for hobbies online 5. make a list of all hobbies 6. compare hobbies online 7. pick most interesting hobby 8. find a hobby", "summary": ["Reorder edge between 2 , 3", "Reorder edge between 2 , 7", "Reorder edge between 2 , 6"]}
{"text": "Goal: pen a metal symphony Steps: 1. decided to pen a metal symphony 2. listen to metal music 3. research music theory 4. read music scores 5. practice playing the instrument 6. write down ideas in a notebook 7. edit the paper 8. print out the music 9. pen a metal symphony", "summary": ["Reorder edge between 8 , 1"]}
{"text": "Goal: pen a metal symphony Steps: 1. decided to pen a metal symphony 2. research music theory 3. listen to metal music 4. write down ideas in a notebook 5. edit the paper 6. read music scores 7. practice playing the instrument 8. pen a metal symphony", "summary": ["Insert node 'edit on the paper' after 4"]}
{"text": "Goal: pay for bus ticket. Steps: 1. walk to the counter to buy a ticket 2. ask the agent for a ticket price 3. take out wallet 4. put credit card in wallet 5. give the card to the agent 6. give the agent a credit card 7. pay for bus ticket", "summary": ["Reorder edge between 4 , 5", "Remove node 6"]}
{"text": "Goal: boot up the game Steps: 1. hook the console up to the tv 2. look for the game icon 3. locate the game icon 4. click on the game icon 5. press the play button 6. wait for the game to load 7. boot up the game", "summary": ["Reorder edge between 5 , 6"]}
{"text": "Goal: boot up the game Steps: 1. hook the console up to the tv 2. locate the game icon 3. click on the game icon 4. wait for the game to load 5. press the play button 6. boot up the game", "summary": ["Reorder edge between 4 , 5", "Insert node 'wait for game to load' before 6"]}
{"text": "Goal: add plain bracelets to cart Steps: 1. browse plain bracelets 2. look at bracelet options 3. pick out a nice bracelet 4. go to the cart page 5. click on the cart icon 6. confirm the order 7. add plain bracelets to cart", "summary": ["Reorder edge between 6 , 7", "Reorder edge between 4 , 5"]}
{"text": "Goal: gather a rag Steps: 1. decided to gather a rag 2. go to a shed 3. locate a rag 4. pick up the rag 5. bring rag to shed 6. shed will accept rag 7. gather a rag", "summary": ["Remove node 6", "Reorder edge between 2 , 5", "Remove node 5"]}
{"text": "Goal: discuss who to invite Steps: 1. decide on a location 2. discuss who to invite 3. pick up phone 4. look up contacts 5. call contacts from phone 6. invite the contacts to party 7. note down names of friends to invite", "summary": ["Reorder edge between 2 , 3"]}
{"text": "Goal: discuss who to invite Steps: 1. decide on a location 2. pick up phone 3. look up contacts 4. call contacts from phone 5. discuss who to invite", "summary": ["Insert node 'invite contacts to party' after 5"]}
{"text": "Goal: place back objects moved from surface earlier Steps: 1. find a flat surface 2. move hand towards object 3. grab object in hand 4. lift object towards flat surface 5. move object to flat surface 6. stop object on flat surface 7. lower object down 8. pick up object 9. place back objects moved from surface earlier", "summary": ["Reorder edge between 7 , 8", "Remove node 8", "Reorder edge between 3 , 8"]}
{"text": "Goal: buy some sunscreen Steps: 1. decided to buy some sunscreen 2. go to the store 3. find the sunscreen section 4. choose a sunscreen 5. take sunscreen to cashier 6. buy some sunscreen", "summary": ["Insert node 'get into the car' before 2", "Insert node 'get into car' before 1"]}
{"text": "Goal: buy some sunscreen Steps: 1. decided to buy some sunscreen 2. get into the car 3. drive to the store 4. walk into the store 5. find the sunscreen section 6. compare sunscreens 7. buy some sunscreen", "summary": ["Insert node 'take the lotion to the cashier' after 4"]}
{"text": "Goal: add wet ingredients to the dry ingredients Steps: 1. combine the wet and dry ingredients together 2. grab a whisk out of a drawer with right hand 3. grasp bowl with left hand 4. use the whisk to twirl around ingredients 5. rotate wrist and hand in a mixing motion 6. salivate profusely, anticipating eating raw cake batter 7. add wet ingredients to the dry ingredients", "summary": ["Remove node 6"]}
{"text": "Goal: pay for the toilet paper Steps: 1. go to checkout 2. place roll of toilet paper on counter 3. wait for cashier to scan roll 4. swipe credit card 5. relieve the receipt 6. thank the cashier 7. pay for the toilet paper", "summary": ["Insert node 'wait for the total price' after 3", "Insert node 'cashier provides a total' after 3"]}
{"text": "Goal: pay for the toilet paper Steps: 1. go to checkout 2. place roll of toilet paper on counter 3. wait for cashier to scan roll 4. wait for cashier for the total price 5. pay for the toilet paper", "summary": ["Insert node 'get your payment method out' before 5"]}
{"text": "Goal: make the track team. Steps: 1. decided to make the track team 2. find out when the school is having tryouts 3. practice endurance for racing 4. go farther everyday 5. tryout for the team 6. wait for results 7. make the track team", "summary": ["Insert node 'purchase track outfit' after 2", "Insert node 'sign up for a spot to try out' before 3"]}
{"text": "Goal: lift the blinds up Steps: 1. grab the blind cords 2. hold the blind cords 3. walk to the window 4. place hands on blinds 5. push blinds up 6. pull blinds up 7. lift the blinds up", "summary": ["Remove node 2", "Reorder edge between 2 , 3", "Remove node 5", "Reorder edge between 1 , 3"]}
{"text": "Goal: go to the grocery store Steps: 1. decided to go to the grocery store 2. create a shopping list 3. drive to the store 4. walk around the store 5. put groceries in cart 6. pay for the groceries 7. pack groceries in a bag 8. go to the grocery store", "summary": ["Insert node 'get in the car' before 3", "Reorder edge between 7 , 1", "Insert node 'get into the car' before 3", "Insert node 'park the car' before 4", "Reorder edge between 3 , 1", "Reorder edge between 4 , 7"]}
{"text": "Goal: close vehicle door Steps: 1. open door and get in 2. grip the inside of the door 3. pull the door gently closed 4. ensure a good grip 5. ensure good latching technique 6. lower the door 7. close vehicle door", "summary": ["Remove node 6"]}
{"text": "Goal: get on the boat Steps: 1. drive to where the boat is 2. park the vehicle 3. exit the vehicle 4. find the boat 5. get on the boat", "summary": ["Insert node 'walk to the docks' after 3", "Insert node 'open the car door' before 3"]}
{"text": "Goal: buy a moped Steps: 1. decided to buy a moped 2. research mopeds online 3. watch videos of mopeds 4. find a store with mopeds 5. drive to the store 6. browse mopeds and compare 7. choose a moped 8. buy a moped", "summary": ["Insert node 'go to the store' before 1"]}
{"text": "Goal: fix bowl of cereal Steps: 1. decided to fix bowl of cereal 2. put milk, cereal and a pinch of salt in a bowl 3. put bowl in microwave 4. set cook timer on microwave 5. wait until bowl is done 6. take bowl out of microwave 7. stir cereal to prevent lumping 8. put bowl into microwave 9. fix bowl of cereal", "summary": ["Remove node 3", "Reorder edge between 6 , 8"]}
{"text": "Goal: do yoga in the morning Steps: 1. decided to do yoga in the morning 2. set alarm for early morning 3. get out of bed 4. prepare for yoga 5. go to the bathroom 6. do yoga 7. do yoga in the morning", "summary": ["Reorder edge between 4 , 5", "Insert node 'turn off the alarm' before 3", "Insert node 'turn off the alarm' after 2"]}
{"text": "Goal: make sure to have supplies Steps: 1. shop for supplies for party 2. place the party supplies on the cash register belt 3. give the cashier the payment method 4. wait for the supplies to be bagged 5. accept the receipt from the cashier 6. Make sure to have supplies", "summary": ["Reorder edge between 3 , 4", "Insert node 'give the cashier a payment method' before 6"]}
{"text": "Goal: book a ticket Steps: 1. find a company that offers riverboat rides 2. browse the website 3. find the purchase information 4. pick a deal 5. go through online checkout 6. confirm the order 7. find the tickets 8. pay for the tickets 9. book a ticket", "summary": ["Reorder edge between 6 , 7", "Reorder edge between 6 , 8"]}
{"text": "Goal: make sure each leg is rigid Steps: 1. place both legs onto the table 2. move hands to table legs 3. grab each leg with hands 4. straighten each leg 5. move legs apart from each other 6. check for rigidity 7. make sure each leg is rigid", "summary": ["Remove node 2", "Reorder edge between 5 , 6", "Insert node 'feel or listen to the lock' before 5"]}
{"text": "Goal: buy lunch at school Steps: 1. decided to buy lunch at school 2. get out of bed 3. get dressed and brush hair 4. walk to the kitchen 5. open the fridge 6. take out lunch ingredients 7. prepare and cook meal 8. buy lunch at school", "summary": ["Remove node 7", "Remove node 5"]}
{"text": "Goal: catch a butterfly for a pet Steps: 1. decided to catch a butterfly for a pet 2. find a butterfly 3. pick up the butterfly 4. put the butterfly in a container 5. look for a butterfly 6. bring the butterfly home 7. feed the butterfly 8. let the butterfly fly 9. catch a butterfly for a pet", "summary": ["Remove node 2", "Reorder edge between 4 , 5", "Reorder edge between 3 , 5", "Remove node 5"]}
{"text": "Goal: apply online for the competitions Steps: 1. search for academic competitions 2. turn on the computer 3. open a web browser 4. search for application websites 5. type in the competitions 6. fill out all personal details 7. apply online for the competitions", "summary": ["Reorder edge between 4 , 5", "Insert node 'submit an application for the competition' after 6", "Remove node 4"]}
{"text": "Goal: be the best runner on the team. Steps: 1. decided to be the best runner on the team 2. set a goal of being the best runner on the team 3. train hard every or every other day 4. compare times with other runners 5. determine who is the fastest runner 6. compete against the fastest runner in the world 7. be the best runner on the team", "summary": ["Remove node 6", "Reorder edge between 2 , 5"]}
{"text": "Goal: have bowl for cut ingredients Steps: 1. drive home with ingredients 2. go to where the ingredients are at 3. get out of the car 4. take the ingredients out of the bags 5. carry the ingredients to the counter 6. place the ingredients in the bowl 7. have bowl for cut ingredients", "summary": ["Reorder edge between 1 , 2", "Insert node 'cut the ingredients' before 5"]}
{"text": "Goal: pick up school supplies Steps: 1. decided to pick up school supplies 2. get on the car 3. go to the store 4. pick out school supplies 5. get in the car 6. go to the checkout 7. pick up school supplies", "summary": ["Reorder edge between 5 , 6", "Reorder edge between 5 , 1"]}
{"text": "Goal: coach hands paperwork over Steps: 1. ask to join the team 2. ask the coach for a signup sheet 3. wait for the signup sheet 4. take signup sheet from coach 5. coach hands paperwork over", "summary": ["Insert node 'listen to coach's response' before 3", "Reorder edge between 4 , 5"]}
{"text": "Goal: go to the beach all summer! Steps: 1. decided to go to the beach all summer! 2. live near the beach 3. take a week off work 4. pack a cooler with food and drinks 5. put cooler into car 6. drive to the beach 7. pack car with beach chairs, towels, and sunblock 8. go to the beach all summer!", "summary": ["Reorder edge between 6 , 7"]}
{"text": "Goal: park the car Steps: 1. locate an empty parking spot 2. pull car into parking spot 3. press brake when car in spot 4. place car in park 5. turn off car 6. park the car", "summary": ["Insert node 'remove the key from the car' before 6", "Insert node 'remove the key from the car' after 1"]}
{"text": "Goal: buy a ticket from the conductor Steps: 1. board the bus 2. find a seat 3. take out wallet 4. pull tickets out of wallet 5. hand tickets to the conductor 6. take tickets from the conductor 7. buy a ticket from the conductor", "summary": ["Insert node 'pay for the tickets' before 4", "Insert node 'give money to the conductor' after 3", "Reorder edge between 2 , 3", "Remove node 4"]}
{"text": "Goal: do something nice Steps: 1. decided to do something nice 2. get ready to do something nice 3. do required actions for something nice 4. do something nice", "summary": ["Remove node 3"]}
{"text": "Goal: make note of prices. Steps: 1. search for local pet stores 2. grab pen and paper 3. walk to local pet store 4. locate pet store prices 5. compare pet store prices 6. Make note of prices", "summary": ["Remove node 4"]}
{"text": "Goal: get measuring cup Steps: 1. drive back home 2. walk into the kitchen 3. look for measuring cups 4. find a measuring cup 5. walk towards the cupboard 6. reach into the cupboard 7. get measuring cup", "summary": ["Reorder edge between 2 , 6"]}
{"text": "Goal: get the syllabus and schedule Steps: 1. pay the fees 2. read through listings 3. navigate to class listings 4. wait for acceptance into class 5. log in to class portal 6. locate syllabus page 7. download syllabus to computer 8. print out syllabus 9. get the syllabus and schedule", "summary": ["Reorder edge between 1 , 5"]}
{"text": "Goal: make sure each leg is rigid Steps: 1. stand up straight 2. turn to face the mirror 3. look at the mirror 4. walk over to the other leg 5. touch the outside of the leg 6. pull the leg apart 7. make sure each leg is rigid", "summary": ["Remove node 3", "Insert node 'Confirm whether the leg is rigid' before 2"]}
{"text": "Goal: choose a pump to use Steps: 1. drive to the store 2. locate the pump section 3. compare the different pumps 4. make a decision 5. walk to the checkout 6. place the pump in the cart 7. pay for the new pump 8. choose a pump to use", "summary": ["Reorder edge between 7 , 8", "Reorder edge between 3 , 8", "Remove node 6"]}
{"text": "Goal: pick the drain tool desired Steps: 1. open cabinet drawer 2. face the drawer 3. pick up drain keys 4. pick up a drain tool 5. look at the drain tools 6. choose the correct drain tool 7. pick the drain tool desired", "summary": ["Remove node 3", "Reorder edge between 4 , 5", "Reorder edge between 1 , 2"]}
{"text": "Goal: get ready to leave Steps: 1. call to enroll into classes 2. get into the shower 3. turn on the shower 4. get clean in shower 5. dry off after shower 6. put on shoes 7. put on clothes 8. grab car keys 9. Get ready to leave", "summary": ["Reorder edge between 6 , 7"]}
{"text": "Goal: plant a tree Steps: 1. decided to plant a tree 2. decide to plant a tree 3. take truck to garden supply store 4. shop for a tree 5. buy a tree 6. put tree in truck 7. drive home from garden supply store 8. dig a hole in the yard 9. plant a tree", "summary": ["Remove node 2", "Insert node 'take the tree off the truck' before 7", "Insert node 'take measurements in the yard' after 2", "Insert node 'take measurements in the yard' before 1"]}
{"text": "Goal: make updates to  resume Steps: 1. review old resume 2. make desired changes to resume 3. save document to computer 4. make updates to  resume", "summary": ["Reorder edge between 3 , 4", "Insert node 'open up resume' before 2", "Insert node 'get on to the computer' before 3"]}
{"text": "Goal: buy the various computer parts Steps: 1. go to an electronics store 2. walk into the electronics store 3. find the computer parts 4. grab a cart 5. take parts to cashier 6. hand cashier parts 7. wait on line 8. swipe credit card 9. buy the various computer parts", "summary": ["Reorder edge between 3 , 4", "Reorder edge between 6 , 7"]}
{"text": "Goal: pay to enter show. Steps: 1. walk to venue where show is 2. find parking for car 3. walk to entrance 4. stop at cashier 5. take out wallet 6. wait for cashier to give total 7. hand cashier entrance fee 8. pay to enter show", "summary": ["Remove node 2"]}
{"text": "Goal: gather ingredients  for a cake Steps: 1. decided to gather ingredients for a cake 2. go to the store 3. purchase the ingredients 4. drive back home 5. go into the store 6. find the ingredients needed 7. gather ingredients for a cake", "summary": ["Reorder edge between 4 , 5", "Reorder edge between 5 , 6"]}
{"text": "Goal: place plant in hatch Steps: 1. dig a hole for the plant 2. collect soil and seeds 3. sprinkle seed into hole 4. place soil and seeds into pot 5. water the pot and plants 6. place pot into hatch 7. place plant in hatch", "summary": ["Remove node 3"]}
{"text": "Goal: pay to enter show. Steps: 1. walk to venue where show is 2. find parking for car 3. walk to entrance 4. stop at cashier 5. hand cashier entrance fee 6. wait for cashier to give total 7. take out wallet 8. pay to enter show", "summary": ["Remove node 2", "Reorder edge between 5 , 6"]}
{"text": "Goal: pick the nearest theater Steps: 1. decided to pick the nearest theater 2. grab car keys 3. put keys in ignition 4. start the car 5. look up movie theaters online 6. compare theater amenities 7. pick the nearest theater", "summary": ["Insert node 'check distance to the theater' before 6", "Reorder edge between 4 , 5", "Reorder edge between 1 , 5"]}
{"text": "Goal: place the fixed toys in the playroom Steps: 1. take the toys out of the box 2. pick up the bin 3. organize the toys by type 4. pick up the toys 5. match the toys to the appropriate bin 6. place the bin in the playroom 7. place the fixed toys in the playroom", "summary": ["Reorder edge between 3 , 4", "Insert node 'fix the toys' before 5", "Reorder edge between 1 , 2"]}
{"text": "Goal: place the fixed toys in the playroom Steps: 1. take the toys out of the box 2. pick up the toys 3. organize the toys by type 4. match the toys to the appropriate bin 5. pick up the bin 6. place the fixed toys in the playroom", "summary": ["Insert node 'put the toys in the right bin' after 4"]}
{"text": "Goal: have a really cool place to hang out Steps: 1. decided to have a really cool place to hang out 2. decide to have a really cool place to hang out 3. take out a laptop 4. turn on laptop 5. research cool places to hang out 6. drive to the cool place 7. set up the cool place 8. have a really cool place to hang out", "summary": ["Remove node 2", "Insert node 'design a cool place to hang out' before 4", "Insert node 'get into car' after 5"]}
{"text": "Goal: have a really cool place to hang out Steps: 1. decided to have a really cool place to hang out 2. design a cool place 3. shop for furniture and decor 4. set up the cool place 5. have a really cool place to hang out", "summary": ["Insert node 'design a cool place to hang out' before 2"]}
{"text": "Goal: make phone call Steps: 1. turn on phone 2. go to call option 3. search the contact information 4. click on call button 5. Make phone call", "summary": ["Reorder edge between 2 , 3"]}
{"text": "Goal: go to college since kindergarden Steps: 1. decided to go to college since kindergarden 2. research colleges in desired locales 3. request applications from selected colleges 4. fill out and submit college applications 5. decide which college to attend 6. apply for financial aid 7. go to college since kindergarden", "summary": ["Insert node 'do the work needed to get into high school' before 1", "Remove node 1"]}
{"text": "Goal: go to college since kindergarden Steps: 1. decided to go to college since kindergarden 2. finish grade school 3. finish middle school 4. finish high school 5. research colleges in desired locales 6. request applications from selected colleges 7. fill out and submit college applications 8. decide which college to attend 9. apply for financial aid 10. go to college since kindergarden", "summary": ["Reorder edge between 2 , 4"]}
{"text": "Goal: leave the office building Steps: 1. grab a purse or wallet 2. put the wallet in a pocket 3. Walk to the door 4. grab the door knob 5. open the door 6. Step both feet on the ground outside 7. leave the office building", "summary": ["Insert node 'put on your shoes' before 5"]}
{"text": "Goal: pick the nearest theater Steps: 1. decided to pick the nearest theater 2. look up movie theaters online 3. compare theater amenities 4. start the car 5. Drive to theater 6. Pick the nearest theater", "summary": ["Insert node 'grab the car keys' before 6", "Insert node 'grab the car keys' before 4"]}
{"text": "Goal: be the best runner on the team. Steps: 1. try out for the team 2. learn how to run better 3. leave the house 4. wait for training time 5. run everyday 6. become faster at running 7. Be the best runner on the team", "summary": ["Reorder edge between 2 , 4"]}
{"text": "Goal: buy a computer game Steps: 1. decided to buy a computer game 2. turn on the computer 3. research which game to buy 4. go to the computer game store 5. add computer game to cart 6. pay for game in cart 7. buy a computer game", "summary": ["Insert node 'open a web browser' before 3"]}
{"text": "Goal: buy a computer game Steps: 1. decided to buy a computer game 2. turn on the computer 3. open up chrome 4. research which game to buy 5. go to steamcom 6. purchase the game of choice with credit card 7. buy a computer game", "summary": ["Remove node 3"]}
{"text": "Goal: let the attendees into the party Steps: 1. set up the party decorations 2. take out the party decorations 3. arrange the party decorations 4. call for the guests 5. open the door 6. greet the guests 7. let the attendees into the party", "summary": ["Reorder edge between 1 , 2"]}
{"text": "Goal: let the attendees into the party Steps: 1. set up the party decorations 2. call for the guests 3. open the door 4. Let the attendees into the party", "summary": ["Insert node 'take out the party decorations' after 2"]}
{"text": "Goal: buy the various computer parts Steps: 1. go to an electronics store 2. walk into the electronics store 3. find the computer parts 4. grab a cart 5. take parts to cashier 6. wait on line 7. hand cashier parts 8. swipe credit card 9. buy the various computer parts", "summary": ["Reorder edge between 3 , 4", "Remove node 4"]}
{"text": "Goal: add wet ingredients to the dry ingredients Steps: 1. combine the dry ingredients together 2. grab a whisk out of a drawer with right hand 3. grasp bowl with left hand 4. use the whisk to twirl around ingredients 5. rotate wrist and hand in a mixing motion 6. salivate profusely, anticipating eating raw cake batter 7. add wet ingredients to the dry ingredients", "summary": ["Remove node 6"]}
{"text": "Goal: eat some food Steps: 1. decided to eat some food 2. make a shopping list 3. go to the store 4. buy the food on the list 5. drive back home 6. prepare the food to eat 7. eat some food", "summary": ["Insert node 'stick a fork in the food' after 6", "Insert node 'serve the food in a plate or bowl' after 6", "Insert node 'get utensils to eat the food in' before 1"]}
{"text": "Goal: learn to kick Steps: 1. decided to learn to kick 2. put on athletic attire 3. go outside of the house 4. practice kicking the ball 5. learn to kick", "summary": ["Remove node 3"]}
{"text": "Goal: fly to the college Steps: 1. sign up for college 2. pack for the trip 3. wait for the date of departure 4. pack luggage for the trip 5. drive to the airport 6. pick up the ticket at the airport 7. board the plane 8. fly to the college", "summary": ["Reorder edge between 3 , 4"]}
{"text": "Goal: choose a grocery store Steps: 1. decided to choose a grocery store 2. get the address of the grocery store 3. go to the grocery store 4. search address of grocery store 5. get the phone number of the grocery store 6. call the grocery store 7. choose a grocery store", "summary": ["Reorder edge between 3 , 4", "Reorder edge between 3 , 1", "Reorder edge between 2 , 4"]}
{"text": "Goal: open dishwasher door. Steps: 1. put dishware in dishwasher 2. make sure dishware is on correct rack 3. reach hand towards door 4. put hand on door handle 5. pull door open 6. release hand from door handle 7. open dishwasher door", "summary": ["Remove node 2"]}
{"text": "Goal: exit the bus. Steps: 1. board the bus and find a seat 2. wait for bus to stop 3. stand up out of seat 4. walk towards back door 5. exit the bus", "summary": ["Insert node 'spend the time in bus' after 1"]}
{"text": "Goal: fold paper and put in the envelope Steps: 1. find some paper 2. look for an envelope 3. grab an envelope 4. grab some paper 5. look for a letter opener 6. cut the paper to size 7. fold paper and put in the envelope", "summary": ["Remove node 5"]}
{"text": "Goal: jot down recipe on paper Steps: 1. find a recipe in the book 2. find a pen 3. locate the paper 4. pick up the pen 5. put pen to paper 6. compose the recipe on paper 7. jot down recipe on paper", "summary": ["Reorder edge between 2 , 3", "Remove node 6"]}
{"text": "Goal: count to get to desired amount Steps: 1. place items into bag 2. count the items in the bag 3. pick up the first item 4. place the first item into left hand 5. pick up the second item 6. place the second item into right hand 7. repeat until desired amount 8. count to get to desired amount", "summary": ["Reorder edge between 2 , 7"]}
{"text": "Goal: fill up gas tank Steps: 1. decide on a route 2. drive to gas station 3. open gas tank 4. put pump in gas tank 5. fill up gas tank", "summary": ["Insert node 'pay for the gas' after 1", "Insert node 'pay for the gas' after 4"]}
{"text": "Goal: make phone call Steps: 1. turn on phone 2. search the contact information 3. go to call option 4. click on call button 5. press to ear 6. wait for call to start 7. ensure the right contact is selected 8. press to send 9. Make phone call", "summary": ["Reorder edge between 6 , 7", "Reorder edge between 3 , 7"]}
{"text": "Goal: pay for the cooking class Steps: 1. sign up for the cooking class 2. get ready to leave 3. walk out of front door 4. get in car 5. turn on car 6. drive to the grocery store 7. pay for the cooking class", "summary": ["Remove node 4", "Insert node 'take out wallet' after 6", "Insert node 'get out of car and enter cooking class' before 7", "Insert node 'enter the grocery store' after 6", "Remove node 6"]}
{"text": "Goal: get the laptop Steps: 1. decided to get the laptop 2. decide to get a laptop 3. walk to where laptop is 4. go to laptop 5. pick up laptop 6. walk to laptop bag 7. get the laptop", "summary": ["Reorder edge between 5 , 6"]}
{"text": "Goal: fix bowl of cereal Steps: 1. decided to fix bowl of cereal 2. get up from computer 3. go to refrigerator 4. open the refrigerator 5. take out cereal 6. get a bowl from the cupboard 7. put milk, cereal and a spoon in bowl 8. put bowl in microwave 9. fix bowl of cereal", "summary": ["Remove node 8", "Reorder edge between 4 , 5", "Remove node 4", "Insert node 'take out milk' before 7"]}
{"text": "Goal: give flight information to agent Steps: 1. check in online 2. pull up phone 3. talk to the agent 4. Give flight information to agent", "summary": ["Insert node 'call agent' before 3"]}
{"text": "Goal: have friends over Steps: 1. call off work 2. pick up phone 3. look up friends number or contact 4. invite friends over 5. open door when friends arrive 6. have friends over", "summary": ["Insert node 'decide a time for the friend to come' before 5"]}
{"text": "Goal: go inside the park Steps: 1. drive to the park 2. park the car 3. get out of the car 4. go to the ticket booth 5. buy the tickets 6. enter the park 7. go inside the park", "summary": ["Insert node 'turn off your car' before 2"]}
{"text": "Goal: fill out personal information on sign up sheet. Steps: 1. grab the sign up sheet 2. grab an ink pen 3. sit down at a desk 4. look at the sign up sheet 5. make sure the pen works 6. fill out personal information on sign up sheet 7. recall information from memory", "summary": ["Reorder edge between 6 , 7"]}
{"text": "Goal: choose a grocery store Steps: 1. grab some paper 2. look at the grocery store listings 3. write the information down 4. scan the details on the paper 5. compare the listings 6. make a decision on the best store 7. choose a grocery store", "summary": ["Reorder edge between 3 , 6", "Reorder edge between 2 , 5"]}
{"text": "Goal: leave the store Steps: 1. grab a bag of choice 2. grab the cart 3. begin to push the cart 4. walk to the front of the store 5. reach the front of the store 6. pay for groceries 7. leave the store", "summary": ["Reorder edge between 1 , 2"]}
{"text": "Goal: leave the store Steps: 1. grab a bag of choice 2. walk to the front of the store 3. grab the cart 4. begin to push the cart 5. reach the front of the store 6. take the cart 7. leave the store", "summary": ["Reorder edge between 2 , 4", "Reorder edge between 6 , 7", "Insert node 'take out your groceries' after 3", "Reorder edge between 2 , 5"]}
{"text": "Goal: fold paper and put in the envelope Steps: 1. grab some paper 2. look for an envelope 3. grab an envelope 4. open the envelope 5. put paper in envelope 6. take paper out of envelope 7. fold paper and put in the envelope", "summary": ["Reorder edge between 5 , 6", "Remove node 6"]}
{"text": "Goal: carry the child to the vehicle. Steps: 1. dress the child for the party 2. walk to the back door 3. open the back door 4. pick up the child 5. walk to the car 6. open the car door 7. carry the child to the vehicle", "summary": ["Remove node 2", "Reorder edge between 4 , 2", "Reorder edge between 2 , 4", "Reorder edge between 5 , 4"]}
{"text": "Goal: get up early Steps: 1. decided to get up early 2. pack a bag with the things needed for the activity 3. set alarm for early morning 4. take a shower to sleep better 5. head to bed 6. sleep soundly through the night 7. get up early", "summary": ["Remove node 2"]}
{"text": "Goal: editor edits the draft Steps: 1. writes a first draft 2. find a reputable editor 3. hire the editor 4. submit the work 5. wait for the editing to finish 6. Editor edits the draft", "summary": ["Insert node 'look for an editor' before 2"]}
{"text": "Goal: learn how to dance in college Steps: 1. decided to learn how to dance in college 2. look up dance classes online 3. sign up for a dance class 4. wait for the day of the first dance class 5. walk to the dance class 6. go to the dance class 7. learn how to dance in college", "summary": ["Insert node 'get on to the computer and start browsing' before 1", "Insert node 'turn on the computer' before 1", "Insert node 'get on to the computer and start browsing' before 2"]}
{"text": "Goal: add soap to washer Steps: 1. add clothes to washer 2. put clothes in dryer 3. open the washer door 4. put clothes in washer 5. close washer door 6. turn on washing machine 7. put soap on dispenser 8. check soap level 9. add soap to washer", "summary": ["Reorder edge between 1 , 3"]}
{"text": "Goal: add soap to washer Steps: 1. add clothes to washer 2. turn on washing machine 3. pour soap into cap 4. check soap level 5. add soap to washer", "summary": ["Reorder edge between 2 , 3"]}
{"text": "Goal: make note of prices. Steps: 1. search for local moving company 2. select desired location 3. open maps app on phone 4. put finger on map button 5. select desired pricing option 6. read pricing info 7. write down prices 8. make note of prices", "summary": ["Reorder edge between 3 , 4", "Insert node 'tap the desired location to get the pricing' after 4", "Reorder edge between 2 , 3"]}
{"text": "Goal: fill coffee pot with water Steps: 1. turn on coffee pot 2. walk to the kitchen sink 3. grab the faucet 4. turn on the cool water 5. fill coffee pot with water 6. grab the kettle", "summary": ["Reorder edge between 5 , 6", "Insert node 'grab the coffee pot' before 1", "Remove node 6"]}
{"text": "Goal: place the game on the counter. Steps: 1. take the game out of the case 2. close the case 3. walk over to the counter 4. lift the game 5. move the game towards the counter 6. stop when the game is directly above of the counter 7. place the game on the counter", "summary": ["Reorder edge between 2 , 4"]}
{"text": "Goal: place the game on the counter. Steps: 1. take the game out of the case 2. lift the game 3. close the case 4. walk over to the counter 5. move the game towards the counter 6. stop when the game is directly above of the counter 7. Place the game on the counter", "summary": ["Remove node 2"]}
{"text": "Goal: discuss who to invite Steps: 1. decide on a location 2. pick up phone 3. look up contacts 4. note down names of friends to invite 5. call contacts from phone 6. invite the contacts to party 7. discuss who to invite", "summary": ["Reorder edge between 6 , 7"]}
{"text": "Goal: clear area for desk to be moved to Steps: 1. measure the new location for desk 2. put a tarp down 3. pick up some trash 4. put trash into tarp 5. pick tarp up 6. clear area for desk to be moved to", "summary": ["Insert node 'clear the area' after 3", "Insert node 'find a place that will work' before 2"]}
{"text": "Goal: clear area for desk to be moved to Steps: 1. measure the new location for desk 2. find a place that will work 3. put a tarp down 4. pick up some trash 5. clear the area 6. put the tarp back down 7. clear area for desk to be moved to", "summary": ["Insert node 'pick up the tarp' after 4", "Insert node 'use tarp to carry away the trash' before 6", "Reorder edge between 3 , 5", "Insert node 'dispose the trash' after 5"]}
{"text": "Goal: head to the train station Steps: 1. print out tickets 2. remove tickets from printer 3. place tickets in wallet/pocket 4. open the front door 5. exit the front door 6. get in car 7. drive to the train station 8. head to the train station", "summary": ["Insert node 'put on your shoes' before 4"]}
{"text": "Goal: give flight information to agent Steps: 1. check in online 2. go to the airlines website 3. find the needed agent 4. make sure all information is correct 5. enter all necessary information 6. Give flight information to agent", "summary": ["Reorder edge between 4 , 5"]}
{"text": "Goal: get dressed for the day Steps: 1. take a shower 2. get out of shower 3. dry off and perform hygiene routine 4. put on skin moisturizer 5. go to clothes closet 6. choose among options 7. put on clothes 8. put on dress shoes 9. get dressed for the day", "summary": ["Remove node 4"]}
{"text": "Goal: learn how to dance in college Steps: 1. decided to learn how to dance in college 2. look up dance classes in college 3. drive to the dance class 4. pay the instructor 5. go on the dance floor 6. practice the moves 7. learn how to dance in college", "summary": ["Insert node 'enroll to the class' before 3", "Remove node 6"]}
{"text": "Goal: learn how to dance in college Steps: 1. decided to learn how to dance in college 2. look up dance classes in college 3. enroll in dance class 4. attend dance class 5. practice dance skills learned in class 6. learn how to dance in college", "summary": ["Insert node 'pay for the dance class' after 3"]}
{"text": "Goal: make updates to  resume Steps: 1. look up job openings 2. find the job posting 3. open the job posting 4. read the job posting 5. locate the resume section 6. start updating the resume 7. make updates to resume", "summary": ["Insert node 'decide which part of the resume to update' before 5", "Remove node 5"]}
{"text": "Goal: get some orange juice Steps: 1. decided to get some orange juice 2. walk to the kitchen 3. open the refrigerator 4. locate the orange juice 5. retrieve orange juice 6. get some orange juice", "summary": ["Insert node 'squeeze the oranges to take out juice' after 1"]}
{"text": "Goal: get some orange juice Steps: 1. decided to get some orange juice 2. walk to the kitchen 3. open the refrigerator 4. locate the oranges 5. grab the oranges 6. cut the oranges 7. get some orange juice", "summary": ["Insert node 'squeeze the oranges to take out juice' after 6", "Remove node 5"]}
{"text": "Goal: join the yearbook staff Steps: 1. decided to join the yearbook staff 2. sign up for the yearbook staff meeting 3. write down goals for the year 4. set a deadline for finishing the yearbook 5. interview for the yearbook staff 6. accept the position 7. join the yearbook staff", "summary": ["Reorder edge between 2 , 1", "Reorder edge between 4 , 5", "Reorder edge between 2 , 5"]}
{"text": "Goal: pick out the groceries Steps: 1. drive to the grocery store 2. navigate to front of store 3. walk to checkout lane 4. put groceries into cart 5. give groceries to cashier to pay 6. walk into the store 7. pick out the groceries", "summary": ["Insert node 'get a cart to put groceries' before 4", "Reorder edge between 1 , 6", "Reorder edge between 5 , 6", "Reorder edge between 7 , 5", "Reorder edge between 4 , 3", "Reorder edge between 3 , 4"]}
{"text": "Goal: get up and get dressed Steps: 1. decided to get up and get dressed 2. wake up to alarm 3. turn alarm off 4. sit up in bed 5. get out of bed 6. take off pajamas 7. get up and get dressed", "summary": ["Insert node 'put on clothes for the day' after 6", "Insert node 'put on clothes' after 5"]}
{"text": "Goal: cut the sod Steps: 1. clear the area 2. walk over to the sod 3. place the blade on the sod 4. push down on the blade 5. lift the blade 6. lift the sod 7. cut the sod", "summary": ["Reorder edge between 6 , 7", "Reorder edge between 3 , 5"]}
{"text": "Goal: cut the sod Steps: 1. clear the area 2. walk over to the sod 3. lift the sod 4. lift the blade 5. place the blade on the sod 6. push down on the blade 7. cut the sod", "summary": ["Reorder edge between 3 , 4"]}
{"text": "Goal: perform well in pre-season game Steps: 1. decided to perform well in pre-season game 2. get good at practicing 3. go to the pre-season game 4. warm up before the game 5. stretch before the game 6. play well in the game 7. perform well in pre-season game", "summary": ["Reorder edge between 4 , 5"]}
{"text": "Goal: bring guitar back home Steps: 1. get guitar case 2. buy a guitar 3. open guitar case 4. leave music store 5. put guitar in car 6. walk to car 7. get in car 8. drive back home 9. bring guitar back home", "summary": ["Insert node 'put guitar in car' after 6", "Insert node 'put guitar in case' after 3"]}
{"text": "Goal: lift the blinds up Steps: 1. grab the blind cords 2. walk to the window 3. place hands on blinds 4. hold the blind cords 5. push blinds up 6. pull blinds up 7. lift the blinds up", "summary": ["Reorder edge between 1 , 2", "Remove node 5"]}
{"text": "Goal: get a laser Steps: 1. decided to get a laser 2. look up laser pointers online 3. compare prices between brands 4. decide which one is best 5. order the laser pointer online 6. wait for the laser pointer to be delivered 7. get a laser", "summary": ["Insert node 'pay for the laser pointer' before 6"]}
{"text": "Goal: place back objects moved from surface earlier Steps: 1. find a flat surface 2. move hand towards object 3. grab object in hand 4. lift object towards flat surface 5. move object to flat surface 6. stop object on flat surface 7. lower object down 8. place back objects moved from surface earlier", "summary": ["Reorder edge between 6 , 7"]}
{"text": "Goal: place back objects moved from surface earlier Steps: 1. find a flat surface 2. move hand towards object 3. grab object in hand 4. pick up object 5. lift object towards flat surface 6. move object to flat surface 7. lower object down 8. stop object on flat surface 9. place back objects moved from surface earlier", "summary": ["Remove node 6"]}
{"text": "Goal: get parking booth ticket Steps: 1. find a parking spot 2. locate parking spot 3. watch for traffic 4. pull up to ticket booth 5. talk to the cashier 6. give money to cashier 7. turn into the parking spot 8. get parking booth ticket", "summary": ["Reorder edge between 7 , 8", "Reorder edge between 5 , 1"]}
{"text": "Goal: get parking booth ticket Steps: 1. find a parking spot 2. watch for traffic 3. turn into the parking spot 4. pull up to ticket booth 5. talk to the cashier 6. give money to cashier 7. get parking booth ticket", "summary": ["Remove node 3"]}
{"text": "Goal: have friends over Steps: 1. call off work 2. pick up phone 3. look up friends number or contact 4. press on contact name 5. wait for friend to pick up 6. let friends no what time to come over 7. have friends over", "summary": ["Insert node 'tell your friends what to bring' after 6"]}
{"text": "Goal: choose a grocery store Steps: 1. decided to choose a grocery store 2. go on the internet 3. search address of grocery store 4. get the address of the grocery store 5. go to the grocery store 6. choose a grocery store", "summary": ["Reorder edge between 5 , 1"]}
{"text": "Goal: gain more muscle Steps: 1. decided to gain more muscle 2. find location to gym 3. drive to gym 4. lift heavy weights 5. return back home 6. eat lots of food 7. get lots of rest 8. repeat every day for a few weeks 9. gain more muscle", "summary": ["Insert node 'buy a gym membership' before 4"]}
{"text": "Goal: leave house when rain stops. Steps: 1. wait for rain to stop 2. turn off music 3. gather up belongings 4. get in the car 5. start the car 6. watch for cars when backing out 7. drive to destination 8. leave house when rain stops", "summary": ["Remove node 2", "Reorder edge between 4 , 8", "Remove node 5"]}
{"text": "Goal: gather ingredients  for a cake Steps: 1. decided to gather ingredients for a cake 2. open pantry or fridge 3. pull out cake ingredients 4. mix the ingredients together 5. gather everything at the kitchen 6. put ingredients in a bowl 7. gather ingredients for a cake", "summary": ["Reorder edge between 6 , 1", "Reorder edge between 4 , 6", "Reorder edge between 4 , 5", "Remove node 4"]}
{"text": "Goal: get in the car Steps: 1. eat some breakfast 2. wipe mouth with napkin 3. walk to the kitchen sink 4. wash off plate 5. brush teeth with toothpaste 6. put on shoes 7. walk to the car 8. get in the car", "summary": ["Insert node 'lock the door' after 6", "Insert node 'go through the front door' after 6"]}
{"text": "Goal: confirm date of concert. Steps: 1. purchase tickets online 2. confirm payment method 3. wait for confirmation number 4. call the concert hall 5. answer the phone 6. write down the date 7. Confirm date of concert", "summary": ["Remove node 5"]}
{"text": "Goal: confirm date of concert. Steps: 1. purchase tickets online 2. confirm payment method 3. call the concert hall 4. wait for confirmation number 5. write down the date 6. confirm date of concert 7. answer the phone", "summary": ["Reorder edge between 6 , 7", "Remove node 3", "Reorder edge between 3 , 6", "Reorder edge between 2 , 4"]}
{"text": "Goal: get the laptop Steps: 1. decided to get the laptop 2. decide to get a laptop 3. walk to where laptop is 4. walk to laptop bag 5. go to laptop 6. pick up laptop 7. get the laptop", "summary": ["Remove node 2", "Remove node 5", "Remove node 4"]}
{"text": "Goal: pay for ticket Steps: 1. walk to the sears tower or willis tower 2. locate entrance to the sears tower 3. turn towards entrance 4. walk to entrance and enter 5. locate ticket handler 6. state desire for ticket 7. pay for ticket", "summary": ["Insert node 'take out your wallet' before 7", "Insert node 'take out your wallet' before 5"]}
{"text": "Goal: get up from the couch Steps: 1. decided to get up from the couch 2. get up from the couch 3. lift a leg 4. straighten the leg 5. lift the other leg 6. lift the head 7. straighten the back 8. do pushups", "summary": ["Remove node 8"]}
{"text": "Goal: catch a butterfly for a pet Steps: 1. decided to catch a butterfly for a pet 2. find a butterfly 3. look for a butterfly 4. feed the butterfly 5. catch a butterfly for a pet", "summary": ["Reorder edge between 2 , 3"]}
{"text": "Goal: paint a portrait Steps: 1. decided to paint a portrait 2. look up painting tutorials 3. drive to the craft store 4. browse painting supplies 5. drive home with supplies 6. get out a painting medium and a canvas 7. paint a portrait", "summary": ["Insert node 'find a model or subject to make portrait of' after 6", "Insert node 'find a model or subject to make portrait of' after 4", "Insert node 'set up supplies' before 6"]}
{"text": "Goal: carry sheets to bedroom. Steps: 1. pick up sheets from floor 2. turn towards bedroom 3. walk toward bedroom 4. grab sheet handle 5. pull sheet off of hanger 6. walk towards bedroom 7. carry sheets to bedroom", "summary": ["Reorder edge between 2 , 5", "Remove node 5"]}
{"text": "Goal: get bleach to use Steps: 1. decided to get bleach to use 2. go to the sink and turn the faucet on 3. grab some bleach 4. walk over to the bleach container 5. open the bleach container 6. pour the bleach into the container 7. get bleach to use", "summary": ["Remove node 2", "Insert node 'get a container to pour bleach' after 1"]}
{"text": "Goal: bring guitar back home Steps: 1. buy a guitar 2. get guitar case 3. leave music store 4. walk to car 5. get in car 6. drive back home 7. open guitar case 8. put guitar in car 9. bring guitar back home", "summary": ["Reorder edge between 7 , 8", "Remove node 8"]}
{"text": "Goal: have friends over Steps: 1. decided to have friends over 2. call friends and invite them over 3. have friends over", "summary": ["Insert node 'make plans for guests to enjoy' after 2"]}
{"text": "Goal: place each chair down Steps: 1. bring the chairs inside 2. unlock the back door 3. open the back door 4. grab each chair one at a time 5. walk through the house 6. bring the chairs to the table 7. place each chair down", "summary": ["Remove node 2", "Remove node 4"]}
{"text": "Goal: fill out application Steps: 1. identify qualified targetcom job 2. find the link for an application 3. click on the link 4. enter personal information 5. go through a large battery of questions 6. submit the application 7. fill out application", "summary": ["Reorder edge between 6 , 7"]}
{"text": "Goal: apply online for the competitions Steps: 1. search for academic competitions 2. turn on the computer 3. open a web browser 4. type in the competitions 5. search for application websites 6. fill out all personal details 7. submit application for the competitions 8. apply online for the competitions", "summary": ["Reorder edge between 4 , 5"]}
{"text": "Goal: go to the grocery store Steps: 1. decided to go to the grocery store 2. get to the car 3. drive to the grocery store 4. get out grocery list 5. pick out groceries 6. walk to the checkout 7. gather the grocery bags 8. go to the grocery store", "summary": ["Insert node 'make a grocery list' before 7", "Insert node 'make a grocery list' before 1"]}
{"text": "Goal: go to the grocery store Steps: 1. decided to go to the grocery store 2. create a grocery list 3. gather the grocery bags 4. get to the car 5. drive to the grocery store 6. pick out groceries 7. walk to the checkout 8. go to the grocery store", "summary": ["Remove node 3", "Reorder edge between 3 , 7", "Reorder edge between 7 , 1"]}
{"text": "Goal: have bowl for stems and pits Steps: 1. collect the grapes 2. wash grapes thoroughly 3. remove stems from grapes 4. place stems and pits in bowl 5. find a spoon 6. scrape spoon across bowl to loosen stems 7. have bowl for stems and pits", "summary": ["Reorder edge between 4 , 5", "Reorder edge between 4 , 7", "Remove node 6", "Remove node 5"]}
{"text": "Goal: have bowl for stems and pits Steps: 1. collect the grapes 2. look for a bowl 3. pick up bowl 4. set bowl next to grapes 5. have bowl for stems and pits", "summary": ["Reorder edge between 4 , 5"]}
{"text": "Goal: open supplies cabinet Steps: 1. walk to supplies cabinet 2. lift right hand towards cabinet 3. put hand on the handle 4. open supplies cabinet", "summary": ["Insert node 'locate the cabinet' before 3"]}
{"text": "Goal: buy the various computer parts Steps: 1. decided to buy the various computer parts 2. open the computer case 3. open the power supply case 4. look at the different components 5. pick out the best performing component 6. pick out the best priced component 7. return to the computer 8. put the components in the cart 9. buy the various computer parts", "summary": ["Remove node 3"]}
{"text": "Goal: pay for bus ticket. Steps: 1. walk to the counter to buy a ticket 2. ask the agent for a ticket price 3. give the agent a credit card 4. take out wallet 5. put credit card in wallet 6. give the card to the agent 7. pay for bus ticket", "summary": ["Reorder edge between 3 , 4", "Remove node 6"]}
{"text": "Goal: gaze deeply into the mirror Steps: 1. stand in front of the mirror 2. fix hair nicely 3. make sure no makeup is showing 4. smile at self in mirror 5. look into eyes 6. gaze deeply into the mirror", "summary": ["Reorder edge between 4 , 5"]}
{"text": "Goal: audition for the local singing competition Steps: 1. decided to audition for the local singing competition 2. search google for local singing competitions 3. choose which singing competition to enter 4. sign up for the competition 5. practice singing for the audition 6. show up to audition for local singing competition 7. audition for the local singing competition", "summary": ["Insert node 'walk to stage' after 6", "Insert node 'drive to the audition' before 6", "Insert node 'wait your turn to audition' before 1"]}
{"text": "Goal: make updates to  resume Steps: 1. review old resume 2. open resume editing software 3. make desired changes to resume 4. save document to computer 5. make updates to  resume", "summary": ["Insert node 'save the document' after 5"]}
{"text": "Goal: pick out the groceries Steps: 1. drive to the grocery store 2. enter the store 3. grab a push cart 4. browse the aisles 5. fill the cart with food 6. go to the checkout lane 7. pick out the groceries", "summary": ["Insert node 'park the car' before 6", "Reorder edge between 4 , 7", "Insert node 'park the car' after 1"]}
{"text": "Goal: get up from the couch Steps: 1. decided to get up from the couch 2. turn off light in room 3. turn off lights in room 4. walk toward the door 5. open the door 6. exit the house 7. walk to the couch 8. get up from the couch", "summary": ["Remove node 3", "Remove node 2", "Remove node 7", "Insert node 'sit or lay down on the couch' after 7", "Insert node 'get on the couch' after 7", "Reorder edge between 6 , 7"]}
{"text": "Goal: book a ticket Steps: 1. find a company that offers riverboat rides 2. browse the website 3. find the purchase information 4. pick a deal 5. find the tickets 6. confirm the order 7. pay for the tickets 8. book a ticket", "summary": ["Reorder edge between 6 , 7"]}
{"text": "Goal: go to the grocery store Steps: 1. decided to go to the grocery store 2. create a shopping list 3. leave the house 4. get in the car 5. drive to the store 6. get out of the car 7. go to the grocery store", "summary": ["Insert node 'walk to the store' before 1"]}
{"text": "Goal: get out of bed Steps: 1. pack a bag with the things needed for the activity 2. go to bed 3. turn off light 4. close eyes and sleep 5. sleep through the night 6. wake up with eyes open 7. get out of bed", "summary": ["Reorder edge between 2 , 3"]}
{"text": "Goal: play a musical instrument Steps: 1. decided to play a musical instrument 2. look up music stores online 3. get dressed to go out 4. drive to the music store 5. walk into the store 6. take a guitar down from the wall 7. walk to the counter 8. buy a guitar 9. play a musical instrument", "summary": ["Insert node 'select the instrument to play' before 6"]}
{"text": "Goal: buy a book to read on the plane Steps: 1. decided to buy a book to read on the plane 2. reach hand into carry on 3. look for a book 4. pick up the book 5. open the book 6. grab the book 7. close the book 8. buy a book to read on the plane", "summary": ["Remove node 2"]}
{"text": "Goal: buy a book to read on the plane Steps: 1. decided to buy a book to read on the plane 2. walk into airport store 3. look for a book 4. pick up the book 5. open the book 6. close the book 7. grab the book 8. purchase a book from cashier 9. reach hand into carry on 10. buy a book to read on the plane", "summary": ["Reorder edge between 8 , 9"]}
{"text": "Goal: add soap to washer Steps: 1. add clothes to washer 2. open the washer door 3. check soap level 4. put soap on dispenser 5. add soap to washer", "summary": ["Reorder edge between 3 , 4", "Reorder edge between 3 , 5"]}
{"text": "Goal: pay for ticket Steps: 1. walk to the sears tower or willis tower 2. locate entrance to the sears tower 3. locate ticket handler 4. pay for ticket", "summary": ["Insert node 'ask for the ticket' after 3"]}
{"text": "Goal: bring the child home Steps: 1. wait for the child to finish the interview 2. walk outside the office 3. walk to the car 4. open the car door 5. drive the child home 6. open the front door 7. bring the child home", "summary": ["Insert node 'get out of the car' before 6", "Insert node 'make sure that the child is in the car' before 4", "Insert node 'buckle the child' after 4"]}
{"text": "Goal: get bleach to use Steps: 1. decided to get bleach to use 2. go to the store 3. go into the store 4. find the bleach 5. grab the bleach 6. walk back to the house 7. get bleach to use", "summary": ["Insert node 'pay for the bleach at checkout' before 5", "Insert node 'pay for the bleach at checkout' after 1"]}
{"text": "Goal: have a barbecue Steps: 1. decided to have a barbecue 2. purchase food to grill 3. wash down barbecue for the season 4. purchase gas or charcol 5. hook up gas or place charcol 6. warm up barbecue 7. have a barbecue", "summary": ["Insert node 'place the food on the grill' after 6"]}
{"text": "Goal: catch a butterfly for a pet Steps: 1. decided to catch a butterfly for a pet 2. look up videos on how to catch a butterfly 3. look up tips on catching a butterfly 4. put a net over the butterfly 5. wait for the butterfly to land 6. pick up the butterfly 7. put the butterfly in a container 8. release the butterfly into the container 9. catch a butterfly for a pet", "summary": ["Reorder edge between 4 , 5"]}
{"text": "Goal: grab grocery bags and lock door Steps: 1. get out of car 2. open the door 3. look for the grocery bags 4. walk to the grocery bags 5. look for the door lock 6. grab the door lock 7. grab grocery bags and lock door", "summary": ["Remove node 3"]}
{"text": "Goal: get a laser Steps: 1. decided to get a laser 2. look up laser pointers online 3. decide which one is best 4. order the laser pointer online 5. get a laser", "summary": ["Insert node 'compare prices of the laser pointers' before 3"]}
{"text": "Goal: landlord calls the tenant Steps: 1. collect rent payments 2. pocket the payments 3. walk away from the table 4. look around the room 5. locate the phone 6. pick up the phone 7. landlord calls the tenant", "summary": ["Remove node 2", "Remove node 3", "Insert node 'locate the phone' before 5", "Insert node 'look up tenant contact information' before 6"]}
{"text": "Goal: go to new york Steps: 1. decided to go to new york 2. research the different areas in new york 3. look up the plane tickets 4. purchase a plane ticket 5. drive to the airport 6. board the plane 7. wait for the plane to arrive 8. exit the plane 9. go to new york", "summary": ["Reorder edge between 6 , 7", "Reorder edge between 5 , 7"]}
{"text": "Goal: get out of car walk to store Steps: 1. park car in driveway 2. turn off car engine 3. grab car keys 4. open car door 5. get out of car 6. remove keys from ignition 7. get out of car walk to store", "summary": ["Reorder edge between 2 , 3", "Reorder edge between 5 , 6", "Remove node 6"]}
{"text": "Goal: buy a computer game Steps: 1. decided to buy a computer game 2. start the computer 3. open up chrome 4. research which game to buy 5. go to steamcom 6. purchase the game of choice with credit card 7. buy a computer game", "summary": ["Insert node 'choose the game' after 4"]}
{"text": "Goal: carry the child to the vehicle. Steps: 1. dress the child for the party 2. pick up the child 3. walk to the back door 4. open the back door 5. walk through doorway 6. close back door after walking through 7. lock front door 8. Carry the child to the vehicle", "summary": ["Remove node 7"]}
{"text": "Goal: carry the child to the vehicle. Steps: 1. dress the child for the party 2. pick up the child 3. walk to the back door 4. open the back door 5. walk to the car 6. open the car door 7. carry the child to the vehicle", "summary": ["Insert node 'close the back door' after 5"]}
{"text": "Goal: leave the store Steps: 1. grab a bag of choice 2. walk to the front of the store 3. grab the cart 4. begin to push the cart 5. reach the front of the store 6. put cart away 7. leave the store", "summary": ["Reorder edge between 2 , 4"]}
{"text": "Goal: leave the store Steps: 1. grab a bag of choice 2. grab the cart 3. take the cart 4. begin to push the cart 5. walk to the front of the store 6. reach the front of the store 7. leave the store", "summary": ["Insert node 'put the cart away' after 6"]}
{"text": "Goal: paint a portrait Steps: 1. decided to paint a portrait 2. find a reference photo 3. get a paint brush, paint, and canvas 4. pour paint into a cup 5. dip a brush into the paint 6. sketch an outline of the portrait 7. paint a portrait", "summary": ["Reorder edge between 4 , 6"]}
{"text": "Goal: paint a portrait Steps: 1. decided to paint a portrait 2. find a reference photo 3. sketch an outline of the portrait 4. get a can of paint 5. pour paint into a cup 6. dip a brush into the paint 7. paint a portrait", "summary": ["Insert node 'get supplies to draw the sketch' before 3", "Insert node 'get a paintbrush' after 5"]}
{"text": "Goal: buy a nice ring Steps: 1. decided to buy a nice ring 2. walk into the jewelry store 3. ask store clear to show some nice rings 4. try on rings and select which one is nice 5. buy a nice ring", "summary": ["Insert node 'go to the jewelry store' before 2"]}
{"text": "Goal: buy a nice ring Steps: 1. decided to buy a nice ring 2. go to a jewelry store 3. walk into the jewelry store 4. ask store clear to show some nice rings 5. browse the selection of rings 6. try on rings and select which one is nice 7. buy a nice ring", "summary": ["Remove node 5"]}
{"text": "Goal: get ready to leave Steps: 1. call to enroll into classes 2. turn on the shower 3. get into the shower 4. get clean in shower 5. dry off after shower 6. put on clothes 7. grab car keys 8. put on shoes 9. get ready to leave", "summary": ["Insert node 'grab your phone' before 8"]}
{"text": "Goal: look at painting Steps: 1. decided to look at painting 2. get in the car 3. drive to the art store 4. walk to the art store 5. go into the art store 6. find the paintings 7. purchase the painting 8. Look at painting", "summary": ["Reorder edge between 7 , 8"]}
{"text": "Goal: make sure to have supplies Steps: 1. sign up for lessons online 2. make a list of required items 3. compare prices at different stores 4. head out to store to purchase items 5. shop around for appropriate items 6. choose which items to buy 7. Make sure to have supplies", "summary": ["Reorder edge between 3 , 4"]}
{"text": "Goal: make sure to have supplies Steps: 1. sign up for lessons online 2. make a list of required items 3. head out to store to purchase items 4. shop around for appropriate items 5. compare prices at different stores 6. choose which items to buy 7. make sure to have supplies", "summary": ["Reorder edge between 4 , 5"]}
{"text": "Goal: learn the tango Steps: 1. decided to learn the tango 2. look up tango classes in the area 3. buy tango shoes and clothes 4. practice tango moves 5. go to tango class 6. learn how to dance tango 7. learn the tango", "summary": ["Reorder edge between 4 , 5", "Reorder edge between 5 , 4"]}
{"text": "Goal: get the laptop Steps: 1. decided to get the laptop 2. go to where the laptop is stored 3. open the laptop leather storage case 4. sit down one couch 5. place the laptop on lap 6. use thump to lift up laptop screen 7. get the laptop", "summary": ["Insert node 'take the laptop out of the bag' before 4", "Remove node 4", "Insert node 'take the laptop out of the case' before 3", "Remove node 1", "Insert node 'get the laptop out of the case' before 4"]}
{"text": "Goal: order the books online Steps: 1. find the best prices 2. add the books to cart 3. click on the checkout button 4. enter shipping address 5. enter payment details 6. confirm the order 7. wait for the books to be delivered 8. open the package 9. order the books online", "summary": ["Insert node 'submit the order' after 6"]}
{"text": "Goal: buy a moped Steps: 1. decided to buy a moped 2. research different mopeds 3. find dealerships with that moped 4. test drive moped at dealership 5. buy a moped", "summary": ["Insert node 'decide on the moped' after 2", "Insert node 'negotiate a price for the moped' before 1"]}
{"text": "Goal: gather ingredients  for a cake Steps: 1. decided to gather ingredients for a cake 2. go to the store 3. go into the store 4. find the ingredients needed 5. purchase the ingredients 6. gather ingredients for a cake 7. drive back home", "summary": ["Remove node 1", "Insert node 'drive to the store' after 1", "Remove node 3"]}
{"text": "Goal: fix bowl of cereal Steps: 1. decided to fix bowl of cereal 2. get up from computer 3. get a bowl from the cupboard 4. go to refrigerator 5. open the refrigerator 6. take out cereal 7. put milk, cereal and a spoon in bowl 8. put bowl in microwave 9. fix bowl of cereal", "summary": ["Remove node 8", "Reorder edge between 5 , 6"]}
{"text": "Goal: play a musical instrument Steps: 1. decided to play a musical instrument 2. look up music stores online 3. drive to the music store 4. walk into the store 5. Speak with the store employee 6. take a guitar down from the wall 7. walk to the counter 8. buy a guitar 9. play a musical instrument", "summary": ["Reorder edge between 6 , 7"]}
{"text": "Goal: play a musical instrument Steps: 1. decided to play a musical instrument 2. look up music stores online 3. get dressed to go out 4. drive to the music store 5. walk into the store 6. walk to the counter 7. take a guitar down from the wall 8. buy a guitar 9. play a musical instrument", "summary": ["Reorder edge between 6 , 7"]}
{"text": "Goal: go to school yesterday Steps: 1. decided to go to school yesterday 2. get in a time machine 3. go back to yesterday 4. get out of bed 5. turn off alarm 6. take a shower 7. get dressed and brush hair 8. wait for the bus 9. go to school yesterday", "summary": ["Remove node 2", "Insert node 'get into the bed' before 3"]}
{"text": "Goal: pick the drain tool desired Steps: 1. locate the drain 2. look at drain tool options 3. compare drain tool options 4. grab drain tool 5. move hand towards drain 6. reach hand into drain 7. pick the drain tool desired", "summary": ["Reorder edge between 3 , 7", "Insert node 'take the toolbox out' before 2"]}
{"text": "Goal: pick the drain tool desired Steps: 1. locate the drain 2. get out toolbox 3. look at drain tool options 4. compare drain tool options 5. grab drain tool 6. pick the drain tool desired", "summary": ["Remove node 1"]}
{"text": "Goal: get out of the car Steps: 1. stop in the spot 2. place foot on brake 3. put car in park 4. turn off car and remove key 5. reach hand to door handle 6. pull handle and open car door 7. step out of car 8. get out of the car", "summary": ["Reorder edge between 1 , 2"]}
{"text": "Goal: get out of the car Steps: 1. stop in the spot 2. put car in park 3. turn off car and remove key 4. reach hand to door handle 5. pull handle and open car door 6. stick left leg out 7. stick right leg out 8. heave body up 9. get out of the car", "summary": ["Insert node 'put your foot on the brake' before 3", "Remove node 5"]}
{"text": "Goal: make a garden Steps: 1. decided to make a garden 2. buy seeds from the store 3. clear space in the yard 4. put down soil 5. fertilize the ground 6. plant the seeds 7. wait for the seeds to grow into plants 8. harvest the seeds from the plants 9. make a garden", "summary": ["Reorder edge between 4 , 5", "Reorder edge between 5 , 6"]}
{"text": "Goal: fill out application Steps: 1. get an application online 2. click on financial aid section link 3. gather social security number 4. call the parents 5. ask parents for financial information 6. click on apply for financial aid link 7. fill out application", "summary": ["Reorder edge between 5 , 6", "Reorder edge between 2 , 6"]}
{"text": "Goal: give flight information to agent Steps: 1. find the best site for tickets 2. compare the different sites 3. select the best site 4. type in the destination 5. look at the departure times 6. click the purchase button 7. enter the credit card number 8. Give flight information to agent", "summary": ["Reorder edge between 2 , 4"]}
{"text": "Goal: discuss who to invite Steps: 1. decide on a location 2. pick up phone 3. note down names of friends to invite 4. look up contacts 5. call contacts from phone 6. invite the contacts to party 7. discuss who to invite", "summary": ["Insert node 'make sure no one is missed' after 6"]}
{"text": "Goal: get cat treats Steps: 1. decided to get cat treats 2. go to the pet store 3. ask the associate what treats are available 4. pick out some treats 5. get cat treats", "summary": ["Insert node 'look for an associate' after 2", "Insert node 'checkout the item' before 1"]}
{"text": "Goal: get cat treats Steps: 1. decided to get cat treats 2. go to the pet store 3. wait for an associate 4. ask the associate what treats are available 5. pick out some treats 6. give the treats to the associate 7. get cat treats", "summary": ["Remove node 6"]}
{"text": "Goal: fill up gas tank Steps: 1. drive to gas station 2. park at the pump 3. turn off engine 4. pay for and select gas 5. pump the gas 6. pay for and select gas cap 7. fill up gas tank", "summary": ["Insert node 'exit the vehicle to pay for and put gas' after 3", "Reorder edge between 5 , 7", "Reorder edge between 5 , 6"]}
{"text": "Goal: pick the nearest theater Steps: 1. look up movie theaters 2. press enter 3. locate nearest theater 4. Pick the nearest theater", "summary": ["Insert node 'type the search query' before 1"]}
{"text": "Goal: go to new york Steps: 1. decided to go to new york 2. look up flights 3. book flights to new york 4. arrive at airport 5. get on airplane 6. arrive to city of new york 7. see sights in new york 8. get off airplane 9. go to new york", "summary": ["Reorder edge between 7 , 8", "Insert node 'sit down in the plane' before 6", "Insert node 'exit the plane' after 6"]}
{"text": "Goal: choose a place that sells mopeds Steps: 1. research mopeds online 2. find out where mopeds are available 3. research the different mopeds 4. read the reviews of the mopeds 5. search for local moped shops 6. read reviews of the shops 7. choose a place that sells mopeds", "summary": ["Remove node 5"]}
{"text": "Goal: grab grocery bags and lock door Steps: 1. get out of car 2. look for the grocery bags 3. walk to the grocery bags 4. open the door 5. grab the groceries 6. look for the door lock 7. lock the door 8. grab grocery bags and lock door", "summary": ["Reorder edge between 7 , 8"]}
{"text": "Goal: learn how to rollerblade Steps: 1. decided to learn how to rollerblade 2. watch videos online on how to skate 3. go to store and buy roller blades 4. purchase roller blades 5. put on roller blades when skates arrive 6. practice outside on pavement 7. go home and practice 8. learn how to rollerblade", "summary": ["Reorder edge between 4 , 7"]}
{"text": "Goal: pick the most appealing one Steps: 1. read reviews of the apps 2. find out what others like most 3. find out what others dislike most 4. summarize pros and cons 5. read through hashtag keyword 6. find out fine prints or hidden cost 7. Pick the most appealing one", "summary": ["Reorder edge between 5 , 4"]}
{"text": "Goal: lift the blinds up Steps: 1. grab the blind cords 2. pull blind cord down 3. lift the blinds up", "summary": ["Remove node 2"]}
{"text": "Goal: pick the most appealing one Steps: 1. read reviews of the apps 2. find out fine prints or hidden cost 3. read through hashtag keyword 4. summarize pros and cons 5. find out what others like most 6. find out what others dislike most 7. Pick the most appealing one", "summary": ["Reorder edge between 3 , 5", "Reorder edge between 4 , 7"]}
{"text": "Goal: get dressed for the day Steps: 1. take a shower 2. get out of shower 3. dry off and perform hygiene routine 4. go to clothes closet 5. choose among options 6. put on clothes 7. get dressed for the day", "summary": ["Insert node 'go to bedroom' after 3"]}
{"text": "Goal: enter car and fasten seat belt Steps: 1. leave home and get in car 2. remember the address of the destination 3. look around for the car 4. walk towards the car 5. open the car door 6. sit down in the car 7. put on the seatbelt 8. enter car and fasten seat belt", "summary": ["Remove node 2", "Insert node 'take hold of the seat belt' after 6", "Insert node 'check the seatbelt' before 7", "Reorder edge between 1 , 3"]}
{"text": "Goal: learn how to rollerblade Steps: 1. decided to learn how to rollerblade 2. watch videos online on how to skate 3. shop for roller blades online 4. purchase roller blades 5. put on roller blades when skates arrive 6. practice outside on pavement 7. keep balance when skating 8. roll to desired destination 9. learn how to rollerblade", "summary": ["Reorder edge between 8 , 1"]}
{"text": "Goal: get the laptop Steps: 1. decided to get the laptop 2. remember where laptop is 3. walk to where laptop is 4. pick up laptop 5. get the laptop", "summary": ["Reorder edge between 4 , 1"]}
{"text": "Goal: add soap to washer Steps: 1. add clothes to washer 2. turn on washing machine 3. put soap on dispenser 4. check soap level 5. close washer door 6. put clothes in dryer 7. add soap to washer", "summary": ["Reorder edge between 2 , 3"]}
{"text": "Goal: begin driving to the restaurant Steps: 1. get in the car 2. grip the gear shifter 3. put the car in reverse 4. take foot off the break 5. put foot on the accelerator 6. get out of the car 7. drive towards the restaurant 8. begin driving to the restaurant", "summary": ["Reorder edge between 7 , 8", "Reorder edge between 6 , 7", "Remove node 3"]}
{"text": "Goal: learn to kick Steps: 1. decided to learn to kick 2. research how to kick 3. watch videos on how to kick 4. learn to kick", "summary": ["Insert node 'practice kicking' after 1"]}
{"text": "Goal: find a hobby Steps: 1. decided to find a hobby 2. think about own interests 3. ask friends about hobbies they like 4. read about different hobbies 5. narrow down the options 6. decide on a hobby 7. find a hobby", "summary": ["Remove node 3", "Insert node 'buy equipment for hobby' after 1"]}
{"text": "Goal: place the game on the counter. Steps: 1. take the game out of the case 2. walk over to where the game is located 3. lift the game up 4. move the game over to the counter 5. set the game down 6. drop the game down 7. place the game on the counter", "summary": ["Reorder edge between 2 , 1", "Reorder edge between 1 , 2", "Remove node 6", "Remove node 4"]}
{"text": "Goal: pick up pot from counter. Steps: 1. make sure ingredients are all ready 2. look for the pot 3. extend hand out 4. reach for the pot 5. grip the pot 6. lift the pot 7. pick up pot from counter", "summary": ["Remove node 3"]}
{"text": "Goal: get a shopping cart Steps: 1. enter the store 2. walk to the cart area 3. choose the right cart 4. get a shopping cart", "summary": ["Insert node 'look at the carts' before 3"]}
{"text": "Goal: develop a roster Steps: 1. interview some people 2. go over interviewees 3. decide which people to put on roster 4. develop a roster", "summary": ["Insert node 'ask the interviewees questions' after 2"]}
{"text": "Goal: book a ticket Steps: 1. find a company that offers riverboat rides 2. browse the website 3. find the tickets 4. pick a deal 5. find the purchase information 6. go through online checkout 7. pay for the tickets 8. confirm the order 9. book a ticket", "summary": ["Reorder edge between 7 , 8"]}
{"text": "Goal: open the garage up Steps: 1. drive to garage 2. pull into garage driveway 3. pull into garage 4. hit the opener button 5. wait for garage door to open 6. release the opener button 7. open the garage up", "summary": ["Reorder edge between 4 , 6", "Reorder edge between 2 , 7"]}
{"text": "Goal: place the game on the counter. Steps: 1. take the game out of the case 2. lift the game up 3. move the game over to the counter 4. set the game down 5. Place the game on the counter", "summary": ["Insert node 'walk over the game' after 1"]}
{"text": "Goal: editor edits the draft Steps: 1. write first draft of book 2. print out the book 3. take the book to the editor 4. tell the editor what is needed 5. listen to the editor suggestions 6. incorporate the suggestions into the book 7. editor edits the draft", "summary": ["Insert node 'pay the editor' after 4"]}
{"text": "Goal: editor edits the draft Steps: 1. write first draft of book 2. shop online for an editorial service 3. tell the editor what is needed 4. arrange for payment to the editor 5. listen to the editor suggestions 6. take the book to the editor 7. Editor edits the draft", "summary": ["Reorder edge between 4 , 7"]}
{"text": "Goal: buy an xbox one Steps: 1. decided to buy an xbox one 2. watch videos of gameplay 3. research the different consoles 4. look for the best price 5. add the console to the cart 6. read the reviews 7. buy an xbox one", "summary": ["Reorder edge between 5 , 6", "Remove node 6"]}
{"text": "Goal: go in to the store Steps: 1. drive to the store for supplies 2. find a parking spot 3. park the car 4. turn the car off 5. get out of the car 6. walk toward the entrance 7. Go in to the store", "summary": ["Insert node 'lock the car' before 6", "Insert node 'lock the car' after 5"]}
{"text": "Goal: pick the drain tool desired Steps: 1. locate the drain 2. move hand towards drain 3. reach hand into drain 4. grab drain tool 5. look at drain tool options 6. compare drain tool options 7. pick the drain tool desired", "summary": ["Reorder edge between 4 , 5", "Reorder edge between 4 , 7"]}
{"text": "Goal: go to the beach all summer! Steps: 1. decided to go to the beach all summer! 2. pack car with beach chairs, towels, and sunblock 3. drive to the beach 4. go to the beach all summer!", "summary": ["Insert node 'rent a beach house' before 1"]}
{"text": "Goal: open supplies cabinet Steps: 1. walk to supplies cabinet 2. arrive at supplies cabinet 3. reach hand towards supplies cabinet 4. wrap fingers on handle 5. apply grip to fingers and pull on handle 6. pull on cabinet door 7. open supplies cabinet", "summary": ["Remove node 6", "Reorder edge between 2 , 6"]}
{"text": "Goal: confer with colleagues. Steps: 1. review the assignment 2. walk to office door 3. open the door 4. wait for professor to come to office 5. greet the professor 6. ask the professor to meet with the class 7. Confer with colleagues", "summary": ["Reorder edge between 6 , 2", "Reorder edge between 2 , 4"]}
{"text": "Goal: confer with colleagues. Steps: 1. review the assignment 2. ask the professor to meet with the class 3. wait for professor to come to office 4. walk to office door 5. open the door 6. greet the professor 7. confer with colleagues", "summary": ["Reorder edge between 3 , 6"]}
{"text": "Goal: grab grocery bags and lock door Steps: 1. enter home through front door 2. check for packages 3. walk to the kitchen 4. extend hand for packages 5. grab the packages 6. close the door 7. grab grocery bags and lock door", "summary": ["Reorder edge between 3 , 7"]}
{"text": "Goal: lift the blinds up Steps: 1. grab the blind cords 2. walk to the window 3. hold the blind cords 4. lift the blinds up", "summary": ["Reorder edge between 1 , 2"]}
{"text": "Goal: choose a pump to use Steps: 1. drive to apple orchard 2. look for parking spot 3. park the car 4. get out of car 5. walk over to pump 6. choose a pump to use", "summary": ["Insert node 'pull in the parking lot' before 2", "Remove node 2"]}
{"text": "Goal: choose a pump to use Steps: 1. drive to apple orchard 2. pull into apple orchard parking lot 3. look for parking spot 4. park the car 5. get out of car 6. walk over to pump 7. select pump to use 8. choose a pump to use", "summary": ["Remove node 2"]}
{"text": "Goal: apply for financial aid Steps: 1. decided to apply for financial aid 2. turn on computer 3. go online using a browser 4. search for financial aid programs 5. look through the grants that are offered 6. wait for the financial aid package to come 7. fill out the application 8. apply for financial aid", "summary": ["Reorder edge between 6 , 7"]}
{"text": "Goal: apply for financial aid Steps: 1. decided to apply for financial aid 2. turn on computer 3. go online using a browser 4. search for financial aid programs 5. look through the grants that are offered 6. fill out the application 7. submit the application 8. wait for the financial aid package to come 9. apply for financial aid", "summary": ["Reorder edge between 6 , 7", "Remove node 8"]}
{"text": "Goal: add soap to washer Steps: 1. turn on washer 2. put clothes in the washer 3. put the lid on the washer 4. lift the soap dispenser 5. pick up the soap 6. put soap on the top of the washer 7. put the detergent on the top of the soap 8. set the settings on the washer 9. add soap to washer", "summary": ["Remove node 2", "Remove node 7", "Insert node 'put soap in the dispenser' after 5"]}
{"text": "Goal: eat some food Steps: 1. decided to eat some food 2. go to the kitchen 3. take out a knife 4. take out a plate 5. take out food 6. put the food on the plate 7. eat some food", "summary": ["Insert node 'use a fork to bring food to your mouth' before 1"]}
